Name,Time
('', 'E'),15:31:13
('', 'E'),15:31:13
('', 'E'),15:31:16
('', 'E'),15:31:18
('', 'E'),15:31:19
('', 'E'),15:31:19
('', 'E'),15:31:20
('', 'E'),15:31:20
('', 'E'),15:31:20
('', 'E'),15:31:21
('', 'E'),15:31:21
('', 'E'),15:31:22
('', 'E'),15:31:23
('', 'E'),15:31:23
('', 'E'),15:32:54
('', 'E'),15:32:54
('', 'E'),15:32:54
('', 'E'),15:32:55
('', 'E'),15:32:55
('', 'E'),15:32:55
('', 'E'),15:32:55
('', 'E'),15:32:55
('', 'E'),15:32:56
('', 'E'),15:32:56
('', 'E'),15:32:56
('', 'E'),15:32:56
('', 'E'),15:32:56
('', 'E'),15:32:57
('', 'E'),15:32:57
('', 'E'),15:32:57
('', 'E'),15:32:57
('', 'E'),15:32:57
('', 'E'),15:32:58
('', 'E'),15:32:58
('', 'E'),15:32:58
('', 'E'),15:32:58
('', 'E'),15:32:58
('', 'E'),15:32:58
('', 'E'),15:32:59
('', 'E'),15:32:59
('', 'E'),15:32:59
('', 'E'),15:32:59
('', 'E'),15:32:59
('', 'E'),15:33:00
('', 'E'),15:33:00
('', 'E'),15:33:00
('', 'E'),15:33:00
('', 'E'),15:33:00
('', 'E'),15:33:01
('', 'E'),15:33:01
('', 'E'),15:33:01
('', 'E'),15:33:01
('', 'E'),15:33:01
('', 'E'),15:33:01
('', 'E'),15:33:02
('', 'E'),15:33:02
('', 'E'),15:33:02
('', 'E'),15:37:47
('', 'E'),15:37:47
('', 'E'),15:37:47
('', 'E'),15:37:48
('', 'E'),15:37:48
('', 'E'),15:37:48
('', 'E'),15:37:48
('', 'E'),15:37:48
('', 'E'),15:37:49
('', 'E'),15:37:49
('', 'E'),15:37:49
('', 'E'),15:37:49
('', 'E'),15:37:49
('', 'E'),15:37:49
('', 'E'),15:37:50
('', 'E'),15:37:50
('', 'E'),15:37:50
('', 'E'),15:37:50
('', 'E'),15:37:50
('', 'E'),15:37:51
('', 'E'),15:37:51
('', 'E'),15:37:51
('', 'E'),15:37:51
('', 'E'),15:37:51
('', 'E'),15:37:52
('', 'E'),15:37:52
('', 'E'),15:37:52
('', 'E'),15:37:52
('', 'E'),15:37:52
('', 'E'),15:37:52
('', 'E'),15:37:53
('', 'E'),15:37:53
('', 'E'),15:37:53
('', 'E'),15:37:53
('', 'E'),15:37:54
('', 'E'),15:37:54
('', 'E'),15:37:54
('', 'E'),15:37:54
('', 'E'),15:37:55
('', 'E'),15:37:55
('', 'E'),15:37:55
('', 'E'),15:37:55
('', 'E'),15:37:55
('', 'E'),15:37:56
('', 'E'),15:37:56
('', 'E'),15:37:56
('', 'E'),15:37:56
('', 'E'),15:37:57
('', 'E'),15:37:57
('', 'E'),15:37:57
('', 'E'),15:37:57
('', 'E'),15:37:58
('', 'E'),15:37:58
('', 'E'),15:37:58
('', 'E'),15:37:58
('', 'E'),15:37:58
('', 'E'),15:37:59
('', 'E'),15:37:59
('', 'E'),15:41:58
('', 'E'),15:41:58
('', 'E'),15:41:59
('', 'E'),15:42:00
('', 'E'),15:42:00
('', 'E'),15:42:00
('', 'E'),15:42:00
('', 'E'),15:42:00
('', 'E'),15:42:01
('', 'E'),15:42:01
('', 'E'),15:42:01
('', 'E'),15:42:01
('', 'E'),15:42:01
('', 'E'),15:42:02
('', 'E'),15:42:02
('', 'E'),15:42:02
('', 'E'),15:42:02
('', 'E'),15:42:02
('', 'E'),15:42:02
('', 'E'),15:42:03
('', 'E'),15:42:03
('', 'E'),15:42:03
('', 'E'),15:42:03
('', 'E'),15:42:03
('', 'E'),15:42:04
('', 'E'),15:42:04
('', 'E'),15:42:04
('', 'E'),15:42:04
('', 'E'),15:42:04
('', 'E'),15:42:05
('', 'E'),15:42:05
('', 'E'),15:42:05
('', 'E'),15:42:05
('', 'E'),15:42:05
('', 'E'),15:42:05
('', 'E'),15:42:06
('', 'E'),15:42:06
('', 'E'),15:42:06
('', 'E'),15:42:06
('', 'E'),15:42:06
('E', ''),15:51:27
('E', ''),15:51:27
('E', ''),15:51:27
('E', ''),15:51:27
('E', ''),15:51:28
('E', ''),15:51:28
('E', ''),15:51:28
('E', ''),15:51:28
('E', ''),15:51:29
('E', ''),15:51:29
('E', ''),15:51:29
('E', ''),15:51:30
('E', ''),15:51:30
('E', ''),15:51:30
('E', ''),15:51:31
('E', ''),15:51:31
('E', ''),15:51:32
('E', ''),15:51:32
('E', ''),15:51:32
('E', ''),15:51:32
('E', ''),15:51:33
('E', ''),15:51:33
('E', ''),15:51:33
('E', ''),15:51:34
('E', ''),15:51:40
('E', ''),15:51:41
('E', ''),15:51:41
('E', ''),15:51:41
('E', ''),15:51:42
('E', ''),15:51:42
('E', ''),15:51:42
('E', ''),15:51:43
('E', ''),15:51:43
('E', ''),15:51:43
('E', ''),15:51:44
('E', ''),15:51:44
('E', ''),15:51:44
('E', ''),15:51:45
('E', ''),15:51:45
('E', ''),15:51:45
('E', ''),15:51:46
('E', ''),15:51:46
('E', ''),15:51:47
('E', ''),15:51:47
('E', ''),15:51:47
('E', ''),15:51:48
('E', ''),15:51:48
('E', ''),15:51:48
ELON MUSK,15:52:23
ELON MUSK TEST,16:00:14